<?xml version="1.0" encoding="UTF-8"?>  
<beans  
    xmlns="http://www.springframework.org/schema/beans"  
    xmlns:xsi="http://www.w3.org/2001/XMLSchema-instance"  
    xmlns:p="http://www.springframework.org/schema/p"  
    xsi:schemaLocation="http://www.springframework.org/schema/beans  
 http://www.springframework.org/schema/beans/spring-beans-3.0.xsd">  
  
 <bean id="b1" class="Bank">  
<constructor-arg value="1001"></constructor-arg>  
<constructor-arg value="SBI BANK"></constructor-arg>  
<constructor-arg value="8000.50f"></constructor-arg>  
</bean>

<bean id="b2" class="Bank">  
<constructor-arg value="171"></constructor-arg>  
<constructor-arg value="ICICI BANK"></constructor-arg>  
<constructor-arg value="4000.50f"></constructor-arg>  
</bean>
  
<bean id="q" class="employee">  
<constructor-arg value="1"></constructor-arg>  
<constructor-arg value="sandip"></constructor-arg> 
<constructor-arg> 
<list>
<ref bean="b1"/>  
<ref bean="b2"/>    
</list>
</constructor-arg>
</bean>  
  </beans>  