<?xml version='1.0' encoding='utf-8'?>
<!DOCTYPE hibernate-configuration PUBLIC
    "-//Hibernate/Hibernate Configuration DTD//EN"
    "http://www.hibernate.org/dtd/hibernate-configuration-3.0.dtd">

<hibernate-configuration>
  <session-factory>
    <property name="hibernate.connection.driver_class">oracle.jdbc.driver.OracleDriver</property>
    <property name="hibernate.connection.url">jdbc:oracle:thin:@localhost:1521:xe</property>
    <property name="hibernate.connection.username">system</property>
    <property name="hibernate.connection.password">1234</property>
    <property name="hibernate.dialect">org.hibernate.dialect.Oracle9Dialect</property>
    <property name="hibernate.hbm2ddl.auto">create-drop</property>
    <property name="show_sql">false</property>
    <mapping class="com.cognizant.model.Book"/>
    <mapping class="com.cognizant.model.Subject"/>
  </session-factory>
</hibernate-configuration>
